cryingpand[.]com,MONITORIZAR
ghostshowing[.]com,MONITORIZAR
hallowenwitch[.]com,MONITORIZAR
newestchairs[.]com,MONITORIZAR
watercushion[.]com,MONITORIZAR
cpuisocutter[.]com,MONITORIZAR
gulperfish[.]com,MONITORIZAR
gzipinteraction[.]com,MONITORIZAR
incorpcpu[.]com,MONITORIZAR
leviathanfish[.]com,MONITORIZAR
truncationcorp[.]com,MONITORIZAR
industrialwatership[.]com,MONITORIZAR
olohaisland[.]com,MONITORIZAR
voodoomagician[.]com,MONITORIZAR
webfigmadesigner[.]com,MONITORIZAR
certificatentrance[.]com,MONITORIZAR
login[.]certificatentrance[.]com,MONITORIZAR
37[.]139[.]52[.]58,MONITORIZAR
37[.]139[.]52[.]61,MONITORIZAR
45[.]66[.]248[.]108,MONITORIZAR
45[.]86[.]230[.]205,MONITORIZAR
45[.]86[.]230[.]151,MONITORIZAR
45[.]66[.]248[.]116,MONITORIZAR
85[.]239[.]53[.]230,MONITORIZAR
194[.]213[.]18[.]193,MONITORIZAR
23[.]94[.]236[.]132,MONITORIZAR
23[.]94[.]242[.]132,MONITORIZAR
37[.]139[.]52[.]54,MONITORIZAR
37[.]139[.]52[.]56,MONITORIZAR
192[.]3[.]141[.]144,MONITORIZAR
192[.]3[.]141[.]145,MONITORIZAR
37[.]139[.]52[.]28,MONITORIZAR
172[.]245[.]33[.]187,MONITORIZAR
